repo_key,fetched_revision,fetched_at,backend
github/gvillarroel/adk-conn,726eafccfe0e4689e898df64ef10f07b72df6da4,2026-04-03T00:17:40.671801300+00:00,git-cli
github/gvillarroel/agent-news,b9df9fb3a1497565e4b8cbcb6c1619d99dac3e58,2026-04-03T00:17:41.540458100+00:00,git-cli
github/gvillarroel/astro-gcs,0177a1684f6b5883b57a58bdd6c4a1aafa835329,2026-04-03T00:17:42.459346300+00:00,git-cli
github/gvillarroel/backstage,5662f7d2ed2aa90d2357e3e2407018f8c39b7f8d,2026-04-03T00:17:44.812376300+00:00,git-cli
github/gvillarroel/blog,0ad21c61e6ee86606180bcc420a27ed67dc83c46,2026-04-03T00:17:48.987947+00:00,git-cli
github/gvillarroel/codex_efx,278ae9387047e2f257cf56c8887998099b4ff76c,2026-04-03T00:17:50.135368+00:00,git-cli
github/gvillarroel/convnet2,86c3e710f53da9c541feea0ce9480ec1d49ce6f5,2026-04-03T00:17:50.839250300+00:00,git-cli
github/gvillarroel/d3_test,18107d425651cf25b74ec12266fe0c6ce84b32c1,2026-04-03T00:17:52.605644300+00:00,git-cli
github/gvillarroel/datacatalog-ml,c03ae0947c797c324119169c370db21a45a4d21c,2026-04-03T00:17:54.733609100+00:00,git-cli
github/gvillarroel/dc-angular,cdf530d90ec39dad3f1112a6e1fb2c7b588f0f32,2026-04-03T00:17:56.381715+00:00,git-cli
github/gvillarroel/ellmtree,c7728f3acab1bfb07a12fedcd82914d9b673cb23,2026-04-03T00:17:57.987171200+00:00,git-cli
github/gvillarroel/emeres,410049556155e610a4cb3b97e5c35baf59555dda,2026-04-03T00:17:59.282372700+00:00,git-cli
github/gvillarroel/fanhood,b62f862a962796fe2809c8d100b968f245aeca1f,2026-04-03T00:18:38.982562+00:00,git-cli
github/gvillarroel/feature-construction,1c434100c0db9cc0b1c45f71032ade6e69542abd,2026-04-03T00:18:42.747640400+00:00,git-cli
github/gvillarroel/gcp-icons-for-plantuml,f103741ffdca5793142103d7f5206814be92a405,2026-04-03T00:18:45.662615200+00:00,git-cli
github/gvillarroel/gender_bias,d3dab8b7b8889479dbd8887c39690993e8fd5ddd,2026-04-03T00:19:07.032556400+00:00,git-cli
github/gvillarroel/github-utils,2b099f58413c97608d8257455e7154d014314a1f,2026-04-03T00:19:27.247300500+00:00,git-cli
github/gvillarroel/graphviz-build-utilities,cfde93616c00d40919800aa64918d17c91e6b985,2026-04-03T00:19:33.366717+00:00,git-cli
github/gvillarroel/graphviz-windows-dependencies,d5de4d33e65c811cef78587b8a20634b4bb19202,2026-04-03T00:24:13.845024500+00:00,git-cli
github/gvillarroel/guesser,b1c8fe415dc49b65a104a23e27e2ecb983e6f547,2026-04-03T00:24:44.808985400+00:00,git-cli
github/gvillarroel/gym-duckietown,90fd3b197143137a55f07fbf3f2c30f1d776c01b,2026-04-03T00:24:50.667146600+00:00,git-cli
github/gvillarroel/hadoop,a3b10edd2b51c364ed9d208e04e521f502ad35e0,2026-04-03T00:24:57.005549900+00:00,git-cli
github/gvillarroel/hooks-adapter,ce98fdfe1f9fe97000f5561aabf65177c12c1a95,2026-04-03T00:24:57.676974600+00:00,git-cli
github/gvillarroel/https-gitlab.com-graphviz-graphviz,ff8158c3a985577c55f5c5ddf810d861d85c55e6,2026-04-03T00:25:08.908688900+00:00,git-cli
github/gvillarroel/keras-retinanet,01737e6523c09df922d36edac332a68bcda4af90,2026-04-03T00:26:45.302394700+00:00,git-cli
github/gvillarroel/knowledge,ff73e6a253b11cb0d73efb9625e2ae31cbf0859e,2026-04-03T00:26:48.439999200+00:00,git-cli
github/gvillarroel/llekn,0311a96d1d1f570399785081849b6ff7004bbc5e,2026-04-03T00:26:51.335011+00:00,git-cli
github/gvillarroel/memoria,b0a58584b7cdb718e420c805ee40a7c23dee21db,2026-04-03T00:27:02.479360800+00:00,git-cli
github/gvillarroel/metadata_enricher,caa5aa0cfe04a57b549f55aa7e6b5565c799785d,2026-04-03T00:29:02.394390200+00:00,git-cli
github/gvillarroel/multivac_experiments,9c81c961b9d1a0a56e9a26c42dce328e0032ed07,2026-04-03T00:29:03.755357+00:00,git-cli
github/gvillarroel/pi-extensions,0b21606fb8521fa6851a3ae2bcc55bbfea525429,2026-04-03T00:29:05.004643600+00:00,git-cli
github/gvillarroel/pigeonXT,cd10fb50a8dc05a584082dedfae58a58d71d68d7,2026-04-03T00:29:06.878842600+00:00,git-cli
github/gvillarroel/project-ai,bb410beb52ebcdc8160cf68885ca8fb72992e174,2026-04-03T00:29:08.637250100+00:00,git-cli
github/gvillarroel/pulse,d233f5c10ec77c0799b1439a9b49827a99e540a2,2026-04-03T00:29:09.372840700+00:00,git-cli
github/gvillarroel/scrapy,f877238453f9e3916a3deaf11a67ee1b5040131a,2026-04-03T00:29:10.575487500+00:00,git-cli
github/gvillarroel/security,19a23249b6d24b3b0bd2d8a594a6da11df44b233,2026-04-03T00:29:11.578941900+00:00,git-cli
github/gvillarroel/synthetic-data-for-text,13dc5fe99c22d37c7d45d5612a5796116ef73a4c,2026-04-03T00:29:17.633703700+00:00,git-cli
github/gvillarroel/television,9fc3c415d0393f6b680b8a696fa9fcf60b3fe7c5,2026-04-03T00:29:18.849050700+00:00,git-cli
github/gvillarroel/unis,18ea769acbd7d4664b66ef73fd8a75e452a49501,2026-04-03T00:29:21.911148800+00:00,git-cli
github/gvillarroel/vertex_metadata,a0dfb6f3e8892bb9dffc6e22ed2d26398b5c6e15,2026-04-03T00:29:23.588540500+00:00,git-cli
github/gvillarroel/voice_cloning,394746502f30c81d7e9f81c189b40ca51a3c34d4,2026-04-03T00:29:24.677648700+00:00,git-cli
github/gvillarroel/whisper_onnx_rust,cc09a77590b0a679dd25c5040844afac62659e84,2026-04-03T00:29:25.949457300+00:00,git-cli
github/gvillarroel/zx-harness,81374fabd0ba55ca9f7c2ce12fcaa0eff55041bb,2026-04-03T00:29:26.778687500+00:00,git-cli
